PESEL,name,surname,gender
72010758444,Mikolaj,Nazar,Mezczyzna
71110815626,Alicja,Kowalski,Kobieta
50040668182,Krzysztof,Kowalski,Mezczyzna
64031919917,Alicja,Kowalski,Kobieta
61100192918,Michal,Stachura,Mezczyzna
76010497138,Mikolaj,Nowak,Mezczyzna
94010173032,Adam,Jacyno,Mezczyzna
03270815954,Michal,Kowalski,Mezczyzna
53072023499,Adam,Nowak,Mezczyzna
04241162813,Alicja,Jacyno,Kobieta
88040840505,Marcel,Jacyno,Mezczyzna
71081776072,Michal,Nowak,Mezczyzna
72081221197,Mikolaj,Kuprianowicz,Mezczyzna
97030860489,Alicja,Nowak,Kobieta
55083191536,Mikolaj,Stachura,Mezczyzna
55070880724,Mikolaj,Jacyno,Mezczyzna
74071284771,Krzysztof,Kuprianowicz,Mezczyzna
50121247873,Michal,Nazar,Mezczyzna
66022620196,Alicja,Nowak,Kobieta
66062864022,Krzysztof,Stachura,Mezczyzna
09300339346,Mikolaj,Nazar,Mezczyzna
71081965324,Marcel,Nazar,Mezczyzna
62011847867,Michal,Kowalski,Mezczyzna
73050638725,Marcel,Nowak,Mezczyzna
58101376209,Marcel,Kuprianowicz,Mezczyzna
98042244740,Adam,Nowak,Mezczyzna
76010716103,Alicja,Jacyno,Kobieta
81101978652,Alicja,Jacyno,Kobieta
91091457266,Mikolaj,Jacyno,Mezczyzna
90022728486,Krzysztof,Jacyno,Mezczyzna
02272174717,Krzysztof,Stachura,Mezczyzna
79112466420,Marcel,Kuprianowicz,Mezczyzna
94051330546,Mikolaj,Jacyno,Mezczyzna
70111192590,Michal,Stachura,Mezczyzna
55062399292,Marcel,Jacyno,Mezczyzna
51120791691,Adam,Jacyno,Mezczyzna
79012642216,Alicja,Kuprianowicz,Kobieta
72102433350,Krzysztof,Kuprianowicz,Mezczyzna
55031070973,Mikolaj,Stachura,Mezczyzna
67042811166,Alicja,Kowalski,Kobieta
04251837253,Adam,Kowalski,Mezczyzna
03272827209,Alicja,Nowak,Kobieta
50012687038,Alicja,Kuprianowicz,Kobieta
51111117033,Alicja,Kowalski,Kobieta
81032626905,Marcel,Kowalski,Mezczyzna
79112679697,Alicja,Kowalski,Kobieta
96122948153,Michal,Nowak,Mezczyzna
77040325015,Adam,Kuprianowicz,Mezczyzna
50011039195,Marcel,Jacyno,Mezczyzna
62062530952,Mikolaj,Kowalski,Mezczyzna
53122212916,Alicja,Kowalski,Kobieta
05240326060,Marcel,Nowak,Mezczyzna
03220281428,Krzysztof,Kowalski,Mezczyzna
87020810927,Mikolaj,Jacyno,Mezczyzna
59092531345,Adam,Kuprianowicz,Mezczyzna
90011017520,Marcel,Nowak,Mezczyzna
75030351244,Krzysztof,Kowalski,Mezczyzna
05252718646,Krzysztof,Jacyno,Mezczyzna
00273090939,Krzysztof,Nowak,Mezczyzna
10291514630,Marcel,Stachura,Mezczyzna
08281347962,Michal,Nowak,Mezczyzna
58070739685,Alicja,Stachura,Kobieta
97052647561,Marcel,Kuprianowicz,Mezczyzna
65112295267,Michal,Nazar,Mezczyzna
78080866731,Michal,Kuprianowicz,Mezczyzna
10302452193,Michal,Kuprianowicz,Mezczyzna
74100634283,Marcel,Kuprianowicz,Mezczyzna
01220652035,Marcel,Kuprianowicz,Mezczyzna
52092775568,Marcel,Nowak,Mezczyzna
54053090187,Michal,Kowalski,Mezczyzna
70060646023,Alicja,Kuprianowicz,Kobieta
68031093194,Adam,Stachura,Mezczyzna
71111272475,Mikolaj,Kuprianowicz,Mezczyzna
08291619479,Marcel,Kuprianowicz,Mezczyzna
00283138463,Krzysztof,Nowak,Mezczyzna
79042363123,Krzysztof,Nowak,Mezczyzna
98101083310,Michal,Nowak,Mezczyzna
55060210546,Adam,Nowak,Mezczyzna
92071162428,Adam,Jacyno,Mezczyzna
77062334741,Krzysztof,Jacyno,Mezczyzna
77041694329,Michal,Nazar,Mezczyzna
92112192362,Alicja,Jacyno,Kobieta
85010422868,Krzysztof,Nazar,Mezczyzna
83082899667,Krzysztof,Stachura,Mezczyzna
54020924688,Adam,Jacyno,Mezczyzna
02232264892,Mikolaj,Stachura,Mezczyzna
10260623606,Adam,Kowalski,Mezczyzna
62091531094,Krzysztof,Stachura,Mezczyzna
03312786381,Marcel,Stachura,Mezczyzna
74111446598,Mikolaj,Jacyno,Mezczyzna
87040819201,Adam,Kowalski,Mezczyzna
92070551218,Adam,Kuprianowicz,Mezczyzna
92022952913,Marcel,Nazar,Mezczyzna
86040122065,Adam,Jacyno,Mezczyzna
76120836469,Marcel,Jacyno,Mezczyzna
82021686313,Alicja,Jacyno,Kobieta
84082084516,Adam,Stachura,Mezczyzna
79022378075,Adam,Kowalski,Mezczyzna
93061882627,Mikolaj,Jacyno,Mezczyzna
66031178929,Adam,Stachura,Mezczyzna
01270482417,Krzysztof,Kowalski,Mezczyzna
02241942192,Marcel,Stachura,Mezczyzna
51041861079,Michal,Jacyno,Mezczyzna
76061393476,Krzysztof,Stachura,Mezczyzna
69102838681,Alicja,Stachura,Kobieta
78081659286,Michal,Jacyno,Mezczyzna
64110376011,Alicja,Stachura,Kobieta
63112663055,Adam,Kuprianowicz,Mezczyzna
03290442626,Marcel,Stachura,Mezczyzna
86091889902,Mikolaj,Jacyno,Mezczyzna
74110595569,Mikolaj,Kuprianowicz,Mezczyzna
76021226729,Mikolaj,Kowalski,Mezczyzna
03312798133,Michal,Nowak,Mezczyzna
00320526473,Marcel,Kuprianowicz,Mezczyzna
04282663270,Marcel,Kowalski,Mezczyzna
66072959701,Marcel,Nazar,Mezczyzna
69052276933,Marcel,Jacyno,Mezczyzna
91013148652,Krzysztof,Stachura,Mezczyzna
59041359525,Krzysztof,Stachura,Mezczyzna
75091424998,Krzysztof,Nowak,Mezczyzna
10302031549,Alicja,Jacyno,Kobieta
95072611274,Mikolaj,Jacyno,Mezczyzna
83093099159,Adam,Nowak,Mezczyzna
75121713243,Adam,Jacyno,Mezczyzna
07252961437,Alicja,Jacyno,Kobieta
01321587171,Michal,Kowalski,Mezczyzna
00272554531,Mikolaj,Nazar,Mezczyzna
00300147470,Mikolaj,Stachura,Mezczyzna
52092010856,Krzysztof,Stachura,Mezczyzna
90062380628,Mikolaj,Jacyno,Mezczyzna
92071777435,Marcel,Stachura,Mezczyzna
62110953652,Alicja,Jacyno,Kobieta
95033146520,Adam,Nowak,Mezczyzna
54022721160,Marcel,Nazar,Mezczyzna
63092799953,Alicja,Stachura,Kobieta
77102624388,Alicja,Kuprianowicz,Kobieta
60082563600,Mikolaj,Nowak,Mezczyzna
62092519866,Alicja,Jacyno,Kobieta
84091614687,Marcel,Kuprianowicz,Mezczyzna
93042264321,Adam,Nazar,Mezczyzna
98091950263,Michal,Stachura,Mezczyzna
97021223851,Krzysztof,Nazar,Mezczyzna
58020264931,Alicja,Nowak,Kobieta
99082241434,Mikolaj,Nazar,Mezczyzna
81050131438,Krzysztof,Jacyno,Mezczyzna
73090819520,Michal,Nowak,Mezczyzna
63050624033,Michal,Kowalski,Mezczyzna
52123047147,Michal,Kuprianowicz,Mezczyzna
54031082063,Krzysztof,Kowalski,Mezczyzna
79060213323,Marcel,Nazar,Mezczyzna
09251672947,Mikolaj,Nazar,Mezczyzna
50122068561,Alicja,Stachura,Kobieta
72052667267,Krzysztof,Nowak,Mezczyzna
69042554409,Alicja,Jacyno,Kobieta
01222486353,Krzysztof,Kuprianowicz,Mezczyzna
02292582671,Alicja,Kuprianowicz,Kobieta
95050982925,Krzysztof,Kowalski,Mezczyzna
52022764345,Marcel,Nazar,Mezczyzna
61122735427,Krzysztof,Kowalski,Mezczyzna
78062482977,Michal,Kuprianowicz,Mezczyzna
69102911807,Adam,Jacyno,Mezczyzna
02212960505,Marcel,Stachura,Mezczyzna
08221420076,Marcel,Jacyno,Mezczyzna
81083165219,Adam,Kowalski,Mezczyzna
68012122387,Krzysztof,Kowalski,Mezczyzna
65022494480,Mikolaj,Kuprianowicz,Mezczyzna
81112789546,Michal,Nazar,Mezczyzna
65051174432,Mikolaj,Kuprianowicz,Mezczyzna
03250966498,Michal,Kowalski,Mezczyzna
95092944194,Michal,Nowak,Mezczyzna
99012114328,Marcel,Nowak,Mezczyzna
82092220225,Marcel,Nazar,Mezczyzna
01261827809,Adam,Kowalski,Mezczyzna
02282732341,Michal,Kowalski,Mezczyzna
54092623940,Krzysztof,Nazar,Mezczyzna
82112074959,Krzysztof,Nazar,Mezczyzna
05232967178,Adam,Kuprianowicz,Mezczyzna
68061866920,Alicja,Jacyno,Kobieta
62071997872,Adam,Kowalski,Mezczyzna
09242221378,Michal,Stachura,Mezczyzna
99123137016,Michal,Kuprianowicz,Mezczyzna
77030423415,Alicja,Nazar,Kobieta
75082040945,Mikolaj,Kuprianowicz,Mezczyzna
50040712447,Marcel,Kowalski,Mezczyzna
68112730086,Krzysztof,Kowalski,Mezczyzna
88042991179,Alicja,Jacyno,Kobieta
89041578569,Adam,Stachura,Mezczyzna
51080240051,Adam,Stachura,Mezczyzna
05282494075,Marcel,Nazar,Mezczyzna
53082853716,Adam,Kowalski,Mezczyzna
98050531625,Michal,Kowalski,Mezczyzna
97031596635,Marcel,Kowalski,Mezczyzna
54072213602,Adam,Kuprianowicz,Mezczyzna
50072047337,Mikolaj,Jacyno,Mezczyzna
84060295804,Krzysztof,Stachura,Mezczyzna
01231549230,Krzysztof,Kowalski,Mezczyzna
70052823759,Adam,Nazar,Mezczyzna
60102461514,Michal,Kuprianowicz,Mezczyzna
67072881849,Michal,Kowalski,Mezczyzna
93080483654,Michal,Stachura,Mezczyzna
69033094190,Mikolaj,Nowak,Mezczyzna
05281587967,Marcel,Nazar,Mezczyzna
07300781408,Adam,Kowalski,Mezczyzna
89032213464,Michal,Nowak,Mezczyzna
54091193329,Krzysztof,Jacyno,Mezczyzna
54112436930,Marcel,Kowalski,Mezczyzna
62071099260,Krzysztof,Jacyno,Mezczyzna
57081276163,Alicja,Kuprianowicz,Kobieta
53031042682,Adam,Kuprianowicz,Mezczyzna
83090779759,Mikolaj,Nazar,Mezczyzna
64071350981,Marcel,Kuprianowicz,Mezczyzna
65042847389,Mikolaj,Kowalski,Mezczyzna
58122038865,Mikolaj,Nazar,Mezczyzna
62052294228,Alicja,Nowak,Kobieta
96081424572,Marcel,Nazar,Mezczyzna
74031976676,Marcel,Stachura,Mezczyzna
67040269510,Adam,Nazar,Mezczyzna
06280127402,Michal,Stachura,Mezczyzna
59061912490,Adam,Kowalski,Mezczyzna
93021344505,Mikolaj,Stachura,Mezczyzna
80120288447,Mikolaj,Nowak,Mezczyzna
95122442407,Alicja,Nazar,Kobieta
70100297790,Krzysztof,Nazar,Mezczyzna
58102592426,Adam,Kuprianowicz,Mezczyzna
92050838881,Michal,Stachura,Mezczyzna
08302173868,Michal,Nowak,Mezczyzna
92033066924,Adam,Jacyno,Mezczyzna
07301951860,Michal,Nowak,Mezczyzna
06222060266,Marcel,Stachura,Mezczyzna
84120183573,Alicja,Kowalski,Kobieta
68120768581,Marcel,Nowak,Mezczyzna
98012878629,Krzysztof,Kowalski,Mezczyzna
60092987319,Michal,Jacyno,Mezczyzna
88081653593,Mikolaj,Stachura,Mezczyzna
63081161381,Krzysztof,Jacyno,Mezczyzna
61110558188,Adam,Nazar,Mezczyzna
66081096136,Michal,Kuprianowicz,Mezczyzna
61052133270,Adam,Nazar,Mezczyzna
59022295370,Marcel,Jacyno,Mezczyzna
93082450544,Adam,Kowalski,Mezczyzna
79102089161,Michal,Jacyno,Mezczyzna
89050359463,Marcel,Nazar,Mezczyzna
86051991146,Michal,Kowalski,Mezczyzna
69081263719,Krzysztof,Jacyno,Mezczyzna
08300984143,Marcel,Nowak,Mezczyzna
05253033838,Marcel,Stachura,Mezczyzna
68080471336,Alicja,Nowak,Kobieta
77102844869,Mikolaj,Kowalski,Mezczyzna
66111967410,Adam,Stachura,Mezczyzna
76022397499,Mikolaj,Nazar,Mezczyzna
61040560770,Michal,Kowalski,Mezczyzna
96072549387,Alicja,Jacyno,Kobieta
01230548766,Alicja,Jacyno,Kobieta
92041631611,Adam,Nazar,Mezczyzna
51121957964,Michal,Kowalski,Mezczyzna
83012135379,Mikolaj,Nowak,Mezczyzna
51040238878,Adam,Nowak,Mezczyzna
96012899608,Marcel,Nazar,Mezczyzna
72071632372,Adam,Nazar,Mezczyzna
98102816904,Michal,Stachura,Mezczyzna
83110385878,Krzysztof,Stachura,Mezczyzna
88122064768,Mikolaj,Nazar,Mezczyzna
06242926951,Marcel,Kuprianowicz,Mezczyzna
99102714759,Michal,Nazar,Mezczyzna
61013176492,Alicja,Kowalski,Kobieta
81022588921,Mikolaj,Kowalski,Mezczyzna
71111591990,Krzysztof,Nazar,Mezczyzna
71042313917,Mikolaj,Nazar,Mezczyzna
62070868687,Mikolaj,Kowalski,Mezczyzna
09300271411,Mikolaj,Stachura,Mezczyzna
66012553701,Krzysztof,Nowak,Mezczyzna
72022079427,Mikolaj,Nazar,Mezczyzna
67112353806,Mikolaj,Stachura,Mezczyzna
60121190644,Marcel,Jacyno,Mezczyzna
90091477166,Alicja,Stachura,Kobieta
62080190642,Adam,Stachura,Mezczyzna
82022853901,Michal,Nowak,Mezczyzna
70010398758,Marcel,Nazar,Mezczyzna
94021758361,Marcel,Nazar,Mezczyzna
74103093513,Michal,Stachura,Mezczyzna
62111770117,Krzysztof,Stachura,Mezczyzna
79031041278,Marcel,Stachura,Mezczyzna
61022146334,Adam,Jacyno,Mezczyzna
86011870650,Mikolaj,Nowak,Mezczyzna
80102172348,Krzysztof,Nowak,Mezczyzna
54042716263,Adam,Nowak,Mezczyzna
70120919737,Marcel,Kowalski,Mezczyzna
85111641821,Alicja,Nowak,Kobieta
62092952500,Michal,Nowak,Mezczyzna
85021887593,Marcel,Jacyno,Mezczyzna
96081366852,Krzysztof,Kowalski,Mezczyzna
83111993221,Alicja,Stachura,Kobieta
01230967523,Mikolaj,Kuprianowicz,Mezczyzna
84061461057,Alicja,Jacyno,Kobieta
74043016230,Michal,Nazar,Mezczyzna
87070497024,Adam,Nazar,Mezczyzna
66091793089,Alicja,Kuprianowicz,Kobieta
57112074209,Adam,Kowalski,Mezczyzna
68051727242,Michal,Kuprianowicz,Mezczyzna
70113082703,Alicja,Nazar,Kobieta
91102417526,Alicja,Kowalski,Kobieta
92062966280,Krzysztof,Kowalski,Mezczyzna
06222435291,Michal,Stachura,Mezczyzna
03211525263,Mikolaj,Jacyno,Mezczyzna
60012119316,Adam,Kuprianowicz,Mezczyzna
65082554337,Mikolaj,Nazar,Mezczyzna
76072543154,Adam,Jacyno,Mezczyzna
54101826805,Marcel,Stachura,Mezczyzna
93040355069,Adam,Jacyno,Mezczyzna
06302731633,Alicja,Nowak,Kobieta
86032333336,Alicja,Nowak,Kobieta
76042762242,Alicja,Stachura,Kobieta
79042426145,Mikolaj,Kowalski,Mezczyzna
06272547052,Adam,Jacyno,Mezczyzna
74081764580,Michal,Nowak,Mezczyzna
50100278629,Krzysztof,Kowalski,Mezczyzna
09300171766,Krzysztof,Jacyno,Mezczyzna
83071953291,Krzysztof,Nowak,Mezczyzna
05271724259,Michal,Stachura,Mezczyzna
94041518374,Marcel,Nazar,Mezczyzna
74080364866,Michal,Jacyno,Mezczyzna
07231379848,Marcel,Stachura,Mezczyzna
67012522173,Krzysztof,Jacyno,Mezczyzna
81090265869,Krzysztof,Nowak,Mezczyzna
79111831401,Adam,Kuprianowicz,Mezczyzna
67020555987,Alicja,Nowak,Kobieta
80021052949,Michal,Kuprianowicz,Mezczyzna
69092562474,Alicja,Kuprianowicz,Kobieta
60072390007,Adam,Jacyno,Mezczyzna
85101239360,Adam,Kowalski,Mezczyzna
89040797248,Adam,Nowak,Mezczyzna
06251619631,Adam,Nowak,Mezczyzna
66122647833,Alicja,Nowak,Kobieta
79031188328,Adam,Kowalski,Mezczyzna
68012332827,Alicja,Nowak,Kobieta
62111849442,Mikolaj,Kowalski,Mezczyzna
53040558619,Krzysztof,Stachura,Mezczyzna
83090967628,Michal,Kuprianowicz,Mezczyzna
53012364701,Krzysztof,Jacyno,Mezczyzna
57053110983,Mikolaj,Kuprianowicz,Mezczyzna
61101726547,Marcel,Kowalski,Mezczyzna
87122467908,Krzysztof,Kowalski,Mezczyzna
59091042734,Mikolaj,Stachura,Mezczyzna
87110439179,Michal,Nazar,Mezczyzna
60100868511,Marcel,Kuprianowicz,Mezczyzna
87011510825,Marcel,Nazar,Mezczyzna
68051029948,Krzysztof,Stachura,Mezczyzna
73052185485,Mikolaj,Kowalski,Mezczyzna
68080573779,Adam,Stachura,Mezczyzna
58110628193,Alicja,Jacyno,Kobieta
51052559110,Krzysztof,Kowalski,Mezczyzna
84112132819,Mikolaj,Nazar,Mezczyzna
62032719574,Alicja,Stachura,Kobieta
56051322567,Adam,Nazar,Mezczyzna
94080218965,Mikolaj,Nowak,Mezczyzna
97092826036,Mikolaj,Nazar,Mezczyzna
99051464336,Marcel,Nazar,Mezczyzna
90040449516,Mikolaj,Kowalski,Mezczyzna
08301850913,Krzysztof,Nowak,Mezczyzna
72061618180,Adam,Nazar,Mezczyzna
50042966165,Alicja,Jacyno,Kobieta
99090770836,Marcel,Nowak,Mezczyzna
80112646462,Adam,Kuprianowicz,Mezczyzna
50122419572,Michal,Kuprianowicz,Mezczyzna
93060577537,Krzysztof,Nowak,Mezczyzna
07290433837,Krzysztof,Kowalski,Mezczyzna
61110797282,Adam,Jacyno,Mezczyzna
90030510590,Marcel,Nowak,Mezczyzna
82050650237,Marcel,Kowalski,Mezczyzna
73032692105,Michal,Kowalski,Mezczyzna
53041825105,Alicja,Kowalski,Kobieta
54082839492,Krzysztof,Nazar,Mezczyzna
92032196266,Adam,Jacyno,Mezczyzna
88071293794,Mikolaj,Stachura,Mezczyzna
60071671479,Marcel,Nowak,Mezczyzna
61031590333,Alicja,Nazar,Kobieta
63070188278,Mikolaj,Jacyno,Mezczyzna
92022599631,Marcel,Nazar,Mezczyzna
86091734585,Michal,Nowak,Mezczyzna
97121166982,Michal,Kowalski,Mezczyzna
50022314621,Krzysztof,Nazar,Mezczyzna
53041853638,Marcel,Nazar,Mezczyzna
57071253491,Michal,Jacyno,Mezczyzna
79011521619,Marcel,Nowak,Mezczyzna
88080369707,Krzysztof,Nowak,Mezczyzna
87040528547,Alicja,Nowak,Kobieta
50122282800,Marcel,Jacyno,Mezczyzna
77042170569,Mikolaj,Jacyno,Mezczyzna
60050668069,Krzysztof,Kowalski,Mezczyzna
54082336456,Michal,Kowalski,Mezczyzna
86032629156,Marcel,Jacyno,Mezczyzna
57011968201,Michal,Stachura,Mezczyzna
99100689545,Krzysztof,Nowak,Mezczyzna
53021515642,Michal,Jacyno,Mezczyzna
05321144633,Krzysztof,Stachura,Mezczyzna
91062199876,Adam,Stachura,Mezczyzna
74080112056,Michal,Jacyno,Mezczyzna
55040696740,Alicja,Kuprianowicz,Kobieta
75111327340,Krzysztof,Nazar,Mezczyzna
05292391496,Marcel,Stachura,Mezczyzna
69110540534,Adam,Stachura,Mezczyzna
10272231547,Mikolaj,Nowak,Mezczyzna
68031990903,Marcel,Kuprianowicz,Mezczyzna
90081887241,Mikolaj,Stachura,Mezczyzna
10261385475,Michal,Nazar,Mezczyzna
65061956985,Michal,Kowalski,Mezczyzna
84091457350,Michal,Stachura,Mezczyzna
96021869366,Alicja,Nazar,Kobieta
97121234315,Michal,Kuprianowicz,Mezczyzna
81022634219,Michal,Nowak,Mezczyzna
98011970322,Adam,Jacyno,Mezczyzna
82021449129,Krzysztof,Nowak,Mezczyzna
93070885127,Adam,Nazar,Mezczyzna
58011655003,Michal,Jacyno,Mezczyzna
01211363982,Mikolaj,Nowak,Mezczyzna
88010738807,Mikolaj,Jacyno,Mezczyzna
06271699606,Marcel,Stachura,Mezczyzna
88092979916,Marcel,Kowalski,Mezczyzna
96090645810,Mikolaj,Kuprianowicz,Mezczyzna
78041669193,Michal,Nowak,Mezczyzna
72092574400,Mikolaj,Kowalski,Mezczyzna
54100369813,Michal,Jacyno,Mezczyzna
08211086965,Michal,Stachura,Mezczyzna
78120888439,Marcel,Jacyno,Mezczyzna
51102441554,Michal,Kuprianowicz,Mezczyzna
97010426179,Krzysztof,Kowalski,Mezczyzna
65050735892,Krzysztof,Stachura,Mezczyzna
02251118569,Alicja,Jacyno,Kobieta
97041619342,Michal,Nazar,Mezczyzna
62122189346,Adam,Stachura,Mezczyzna
58022676581,Adam,Jacyno,Mezczyzna
52041274674,Marcel,Kowalski,Mezczyzna
65041721800,Krzysztof,Nowak,Mezczyzna
66050982932,Adam,Stachura,Mezczyzna
51121049205,Alicja,Kowalski,Kobieta
60112314820,Alicja,Kowalski,Kobieta
04301235295,Adam,Kuprianowicz,Mezczyzna
83072487632,Michal,Stachura,Mezczyzna
66123029904,Mikolaj,Kowalski,Mezczyzna
57102115192,Krzysztof,Kuprianowicz,Mezczyzna
60112417318,Adam,Jacyno,Mezczyzna
54020827509,Adam,Nazar,Mezczyzna
80051815338,Michal,Kowalski,Mezczyzna
69121968291,Krzysztof,Kuprianowicz,Mezczyzna
03271489394,Michal,Jacyno,Mezczyzna
52090136482,Adam,Nazar,Mezczyzna
62013068507,Krzysztof,Stachura,Mezczyzna
01242373130,Mikolaj,Kowalski,Mezczyzna
99060278669,Krzysztof,Kuprianowicz,Mezczyzna
95102767308,Michal,Kuprianowicz,Mezczyzna
09322780883,Marcel,Nowak,Mezczyzna
54062280975,Alicja,Jacyno,Kobieta
91052377321,Krzysztof,Stachura,Mezczyzna
60061114379,Michal,Stachura,Mezczyzna
88121816670,Mikolaj,Nowak,Mezczyzna
97031388562,Mikolaj,Stachura,Mezczyzna
09250838021,Mikolaj,Jacyno,Mezczyzna
67041117027,Mikolaj,Nowak,Mezczyzna
08210999873,Adam,Kowalski,Mezczyzna
91062610564,Marcel,Kowalski,Mezczyzna
72111699350,Adam,Kowalski,Mezczyzna
95081821402,Marcel,Kowalski,Mezczyzna
08263071854,Marcel,Nazar,Mezczyzna
06222296388,Alicja,Nazar,Kobieta
99020487074,Alicja,Kowalski,Kobieta
53092572391,Marcel,Nowak,Mezczyzna
53040690306,Marcel,Kowalski,Mezczyzna
76091674857,Marcel,Kowalski,Mezczyzna
03282997901,Adam,Jacyno,Mezczyzna
56061798242,Mikolaj,Kowalski,Mezczyzna
65093046287,Alicja,Kowalski,Kobieta
87072628064,Adam,Kowalski,Mezczyzna
79012816178,Michal,Stachura,Mezczyzna
87121274851,Mikolaj,Jacyno,Mezczyzna
77100688627,Mikolaj,Nazar,Mezczyzna
82032652396,Michal,Nowak,Mezczyzna
93013192945,Alicja,Nazar,Kobieta
66082224471,Michal,Kuprianowicz,Mezczyzna
60091495026,Adam,Kuprianowicz,Mezczyzna
53051597009,Alicja,Kowalski,Kobieta
64122340602,Marcel,Stachura,Mezczyzna
52121630738,Marcel,Stachura,Mezczyzna
50031818332,Mikolaj,Kuprianowicz,Mezczyzna
64061854132,Adam,Nazar,Mezczyzna
72071025554,Michal,Kuprianowicz,Mezczyzna
75111691513,Adam,Nowak,Mezczyzna
73080612382,Alicja,Nowak,Kobieta
76073190546,Marcel,Kowalski,Mezczyzna
85021035606,Marcel,Nazar,Mezczyzna
90021360650,Marcel,Jacyno,Mezczyzna
74062963597,Michal,Stachura,Mezczyzna
95070871070,Adam,Stachura,Mezczyzna
01322639747,Michal,Nowak,Mezczyzna
78041492498,Alicja,Nazar,Kobieta
68070829527,Marcel,Nazar,Mezczyzna
53061174119,Marcel,Kuprianowicz,Mezczyzna
05210413914,Adam,Nowak,Mezczyzna
84070587522,Alicja,Nazar,Kobieta
90042166486,Krzysztof,Nazar,Mezczyzna
86041382516,Alicja,Kowalski,Kobieta
66110970523,Alicja,Nazar,Kobieta
01280431016,Alicja,Kuprianowicz,Kobieta
01242897395,Michal,Nowak,Mezczyzna
57102484667,Adam,Jacyno,Mezczyzna
70121860308,Michal,Kowalski,Mezczyzna
92090546168,Krzysztof,Jacyno,Mezczyzna
01262216581,Michal,Kuprianowicz,Mezczyzna
73122186585,Krzysztof,Nazar,Mezczyzna
51102923999,Mikolaj,Nazar,Mezczyzna
83081098739,Mikolaj,Nazar,Mezczyzna
93082396699,Marcel,Nazar,Mezczyzna
80011386607,Alicja,Jacyno,Kobieta
09281689957,Michal,Kuprianowicz,Mezczyzna
96051034987,Michal,Nazar,Mezczyzna
62032777068,Michal,Nowak,Mezczyzna
07292460244,Marcel,Nazar,Mezczyzna
57091274131,Krzysztof,Jacyno,Mezczyzna
04222896997,Michal,Kowalski,Mezczyzna
79020946030,Krzysztof,Stachura,Mezczyzna
79102639298,Krzysztof,Jacyno,Mezczyzna
98012744353,Mikolaj,Nowak,Mezczyzna
81092410489,Marcel,Nazar,Mezczyzna
09262944729,Mikolaj,Kuprianowicz,Mezczyzna
87111487577,Alicja,Stachura,Kobieta
68110669133,Krzysztof,Stachura,Mezczyzna
84020139557,Adam,Nazar,Mezczyzna
82022616410,Marcel,Stachura,Mezczyzna
58050673033,Krzysztof,Stachura,Mezczyzna
65072538532,Alicja,Kowalski,Kobieta
57091847489,Michal,Nowak,Mezczyzna
53061311754,Mikolaj,Jacyno,Mezczyzna
65092883382,Michal,Nowak,Mezczyzna
71022589688,Mikolaj,Kowalski,Mezczyzna
76072457239,Krzysztof,Nazar,Mezczyzna
01322315500,Mikolaj,Stachura,Mezczyzna
64022324669,Michal,Kuprianowicz,Mezczyzna
90012065355,Alicja,Kuprianowicz,Kobieta
92101539529,Adam,Jacyno,Mezczyzna
62091381545,Marcel,Stachura,Mezczyzna
04312251723,Marcel,Kowalski,Mezczyzna
09292428015,Mikolaj,Nowak,Mezczyzna
60031825980,Marcel,Jacyno,Mezczyzna
60102539275,Adam,Nazar,Mezczyzna
95101676373,Michal,Jacyno,Mezczyzna
55040252357,Krzysztof,Nazar,Mezczyzna
85102264387,Marcel,Stachura,Mezczyzna
64010881998,Alicja,Nazar,Kobieta
05282664049,Alicja,Nowak,Kobieta
83061511441,Marcel,Nazar,Mezczyzna
72090798529,Alicja,Nazar,Kobieta
63012533407,Michal,Jacyno,Mezczyzna
59110688273,Adam,Jacyno,Mezczyzna
09222098325,Krzysztof,Nazar,Mezczyzna
71122084278,Adam,Stachura,Mezczyzna
56052978248,Krzysztof,Stachura,Mezczyzna
66111785526,Mikolaj,Nowak,Mezczyzna
81101554005,Michal,Stachura,Mezczyzna
55051094876,Krzysztof,Nazar,Mezczyzna
82071453923,Mikolaj,Stachura,Mezczyzna
79090882441,Adam,Jacyno,Mezczyzna
97040531955,Adam,Stachura,Mezczyzna
87113032829,Michal,Kuprianowicz,Mezczyzna
92111621885,Alicja,Nowak,Kobieta
78030337009,Michal,Kuprianowicz,Mezczyzna
79092025424,Marcel,Jacyno,Mezczyzna
66021568312,Alicja,Nowak,Kobieta
01232661159,Mikolaj,Nowak,Mezczyzna
85060275966,Marcel,Kowalski,Mezczyzna
61021129868,Marcel,Nowak,Mezczyzna
59071898395,Marcel,Jacyno,Mezczyzna
85081492414,Michal,Jacyno,Mezczyzna
70030365260,Adam,Nowak,Mezczyzna
59053181088,Marcel,Nazar,Mezczyzna
65030655288,Mikolaj,Nazar,Mezczyzna
96052719618,Alicja,Jacyno,Kobieta
51101076407,Alicja,Kowalski,Kobieta
87041439406,Alicja,Jacyno,Kobieta
82091719654,Krzysztof,Nowak,Mezczyzna
60100162653,Michal,Jacyno,Mezczyzna
02300773099,Krzysztof,Nazar,Mezczyzna
54122062860,Michal,Nazar,Mezczyzna
73111543991,Krzysztof,Kuprianowicz,Mezczyzna
84031743785,Krzysztof,Nowak,Mezczyzna
64052258590,Mikolaj,Stachura,Mezczyzna
89060954386,Mikolaj,Jacyno,Mezczyzna
62091634018,Marcel,Stachura,Mezczyzna
88063026065,Michal,Jacyno,Mezczyzna
88041827178,Krzysztof,Nowak,Mezczyzna
68041061194,Marcel,Stachura,Mezczyzna
80091631064,Adam,Nowak,Mezczyzna
82030812352,Mikolaj,Kowalski,Mezczyzna
66041667839,Alicja,Nowak,Kobieta
93051058429,Krzysztof,Jacyno,Mezczyzna
83041877017,Krzysztof,Nowak,Mezczyzna
75031237567,Michal,Nazar,Mezczyzna
83072289562,Michal,Nazar,Mezczyzna
67121099713,Krzysztof,Kuprianowicz,Mezczyzna
08253082130,Michal,Nowak,Mezczyzna
73012898646,Alicja,Nazar,Kobieta
04211682453,Krzysztof,Jacyno,Mezczyzna
70080118283,Adam,Kuprianowicz,Mezczyzna
54071177233,Michal,Nowak,Mezczyzna
87051891481,Alicja,Nazar,Kobieta
80103183143,Marcel,Jacyno,Mezczyzna
65032685278,Marcel,Kuprianowicz,Mezczyzna
10231452491,Mikolaj,Jacyno,Mezczyzna
97042237958,Mikolaj,Kowalski,Mezczyzna
51121873068,Michal,Nowak,Mezczyzna
83070590170,Alicja,Stachura,Kobieta
98090433914,Mikolaj,Nazar,Mezczyzna
63053068010,Alicja,Jacyno,Kobieta
73123122308,Alicja,Nazar,Kobieta
82120732148,Marcel,Nowak,Mezczyzna
99011445238,Michal,Kowalski,Mezczyzna
72111550109,Michal,Kuprianowicz,Mezczyzna
53112099400,Marcel,Kowalski,Mezczyzna
92062434536,Mikolaj,Nowak,Mezczyzna
63042220489,Mikolaj,Kowalski,Mezczyzna
86060540366,Adam,Nowak,Mezczyzna
66042376655,Adam,Kowalski,Mezczyzna
59081938494,Adam,Jacyno,Mezczyzna
51091782371,Marcel,Kowalski,Mezczyzna
94021564489,Mikolaj,Jacyno,Mezczyzna
59111736623,Alicja,Kowalski,Kobieta
74042428470,Krzysztof,Kuprianowicz,Mezczyzna
52041674375,Alicja,Kowalski,Kobieta
74020354669,Mikolaj,Nowak,Mezczyzna
06311073838,Adam,Nazar,Mezczyzna
71092581595,Michal,Kuprianowicz,Mezczyzna
86121494380,Mikolaj,Nazar,Mezczyzna
78021322634,Adam,Kuprianowicz,Mezczyzna
74101558674,Adam,Jacyno,Mezczyzna
08302632655,Marcel,Nazar,Mezczyzna
87021429005,Krzysztof,Jacyno,Mezczyzna
65052747932,Alicja,Jacyno,Kobieta
97052241499,Michal,Jacyno,Mezczyzna
78080372049,Krzysztof,Kuprianowicz,Mezczyzna
01262532058,Michal,Kowalski,Mezczyzna
50022889882,Mikolaj,Nowak,Mezczyzna
89052574862,Krzysztof,Nazar,Mezczyzna
93110871776,Krzysztof,Nazar,Mezczyzna
59121051398,Michal,Kuprianowicz,Mezczyzna
65042464162,Alicja,Jacyno,Kobieta
91110955135,Mikolaj,Nazar,Mezczyzna
59091865708,Adam,Nowak,Mezczyzna
06311345351,Krzysztof,Kuprianowicz,Mezczyzna
94060874846,Marcel,Stachura,Mezczyzna
55080841816,Michal,Nazar,Mezczyzna
02240846510,Alicja,Stachura,Kobieta
98111555180,Krzysztof,Kowalski,Mezczyzna
87050772114,Alicja,Kuprianowicz,Kobieta
74121655564,Mikolaj,Jacyno,Mezczyzna
99120313945,Michal,Kuprianowicz,Mezczyzna
99101368287,Marcel,Nowak,Mezczyzna
52020537088,Adam,Nowak,Mezczyzna
06311022474,Alicja,Nowak,Kobieta
70102481199,Marcel,Nazar,Mezczyzna
68111276301,Michal,Nowak,Mezczyzna
72123146417,Michal,Stachura,Mezczyzna
66051142476,Alicja,Kowalski,Kobieta
89032172778,Michal,Nazar,Mezczyzna
97032461305,Krzysztof,Nazar,Mezczyzna
87020237034,Krzysztof,Kuprianowicz,Mezczyzna
60011120786,Marcel,Kowalski,Mezczyzna
94012970521,Krzysztof,Kowalski,Mezczyzna
77111018020,Marcel,Stachura,Mezczyzna
97010883202,Marcel,Kuprianowicz,Mezczyzna
07243082682,Adam,Stachura,Mezczyzna
97081122095,Michal,Kowalski,Mezczyzna
02280878409,Michal,Jacyno,Mezczyzna
56070517108,Krzysztof,Kowalski,Mezczyzna
07232281371,Adam,Stachura,Mezczyzna
97071498382,Mikolaj,Jacyno,Mezczyzna
84011994714,Mikolaj,Stachura,Mezczyzna
85071789142,Alicja,Kuprianowicz,Kobieta
56012113269,Adam,Nowak,Mezczyzna
57080434294,Alicja,Nazar,Kobieta
98112353640,Michal,Jacyno,Mezczyzna
99040327194,Marcel,Jacyno,Mezczyzna
70032859233,Alicja,Jacyno,Kobieta
61091370896,Michal,Kuprianowicz,Mezczyzna
79112227814,Mikolaj,Jacyno,Mezczyzna
08310736277,Michal,Jacyno,Mezczyzna
82103015516,Krzysztof,Jacyno,Mezczyzna
96042723911,Alicja,Nowak,Kobieta
70112417706,Krzysztof,Stachura,Mezczyzna
03291549858,Adam,Kowalski,Mezczyzna
75082892252,Marcel,Nowak,Mezczyzna
92020643516,Michal,Kowalski,Mezczyzna
91121586335,Michal,Kuprianowicz,Mezczyzna
72071485864,Krzysztof,Nowak,Mezczyzna
96032022125,Marcel,Jacyno,Mezczyzna
57020391173,Krzysztof,Stachura,Mezczyzna
92021727282,Michal,Nazar,Mezczyzna
92121679766,Alicja,Kuprianowicz,Kobieta
69052282628,Mikolaj,Kuprianowicz,Mezczyzna
92062735279,Alicja,Kuprianowicz,Kobieta
09232650878,Mikolaj,Nowak,Mezczyzna
75050860496,Krzysztof,Nazar,Mezczyzna
79111161692,Alicja,Nazar,Kobieta
77011929017,Michal,Kowalski,Mezczyzna
02210128088,Adam,Stachura,Mezczyzna
88101045335,Krzysztof,Stachura,Mezczyzna
10310415067,Mikolaj,Stachura,Mezczyzna
86083045440,Krzysztof,Stachura,Mezczyzna
07222013421,Alicja,Nazar,Kobieta
64030798313,Krzysztof,Nowak,Mezczyzna
71120771501,Krzysztof,Kowalski,Mezczyzna
83111425968,Adam,Stachura,Mezczyzna
05241890465,Adam,Jacyno,Mezczyzna
66101552208,Krzysztof,Nowak,Mezczyzna
10301174429,Mikolaj,Kuprianowicz,Mezczyzna
95082626709,Michal,Jacyno,Mezczyzna
80021451007,Mikolaj,Kuprianowicz,Mezczyzna
75030334067,Adam,Kuprianowicz,Mezczyzna
03300246057,Alicja,Kowalski,Kobieta
04312229524,Marcel,Kuprianowicz,Mezczyzna
52060422230,Alicja,Stachura,Kobieta
66070337154,Krzysztof,Kuprianowicz,Mezczyzna
69022019047,Krzysztof,Nowak,Mezczyzna
80101351636,Krzysztof,Nowak,Mezczyzna
91030871795,Krzysztof,Kowalski,Mezczyzna
91060631020,Krzysztof,Kowalski,Mezczyzna
09291411719,Marcel,Stachura,Mezczyzna
94020379279,Mikolaj,Nowak,Mezczyzna
84112519948,Alicja,Stachura,Kobieta
97041332708,Alicja,Kowalski,Kobieta
67061099264,Michal,Stachura,Mezczyzna
52040798120,Marcel,Stachura,Mezczyzna
52061335511,Marcel,Kuprianowicz,Mezczyzna
69010268527,Mikolaj,Kowalski,Mezczyzna
91032681099,Adam,Jacyno,Mezczyzna
86081839104,Adam,Nazar,Mezczyzna
84062784261,Marcel,Nowak,Mezczyzna
72091378876,Adam,Nowak,Mezczyzna
98061429616,Alicja,Jacyno,Kobieta
79062792275,Michal,Jacyno,Mezczyzna
58090276704,Krzysztof,Nazar,Mezczyzna
91011923826,Marcel,Kuprianowicz,Mezczyzna
98061235758,Michal,Jacyno,Mezczyzna
73052295218,Michal,Nazar,Mezczyzna
97112590523,Marcel,Nowak,Mezczyzna
78062030101,Michal,Nazar,Mezczyzna
60010472617,Marcel,Nowak,Mezczyzna
96101564699,Krzysztof,Nazar,Mezczyzna
75011931902,Marcel,Jacyno,Mezczyzna
74042735068,Mikolaj,Nazar,Mezczyzna
69081799115,Marcel,Nowak,Mezczyzna
95011562247,Michal,Nazar,Mezczyzna
77102942291,Marcel,Stachura,Mezczyzna
60102120152,Alicja,Kowalski,Kobieta
91081693571,Marcel,Jacyno,Mezczyzna
86100633094,Krzysztof,Nazar,Mezczyzna
07271425192,Krzysztof,Nowak,Mezczyzna
67041277503,Krzysztof,Nazar,Mezczyzna
75022611684,Marcel,Stachura,Mezczyzna
65061339379,Marcel,Jacyno,Mezczyzna
84030379493,Mikolaj,Nazar,Mezczyzna
60010168923,Adam,Jacyno,Mezczyzna
96071446890,Krzysztof,Nowak,Mezczyzna
79012888935,Alicja,Kuprianowicz,Kobieta
92122534693,Michal,Nowak,Mezczyzna
93061093601,Krzysztof,Stachura,Mezczyzna
10252273006,Michal,Kuprianowicz,Mezczyzna
76092886176,Adam,Nazar,Mezczyzna
50082581209,Adam,Nazar,Mezczyzna
80021926060,Marcel,Nowak,Mezczyzna
51022121501,Mikolaj,Kuprianowicz,Mezczyzna
84021597734,Michal,Stachura,Mezczyzna
73111038929,Mikolaj,Stachura,Mezczyzna
55091037141,Alicja,Kowalski,Kobieta
93022741912,Marcel,Nazar,Mezczyzna
90030679754,Michal,Kuprianowicz,Mezczyzna
66012961946,Michal,Nazar,Mezczyzna
92051382457,Mikolaj,Nowak,Mezczyzna
50021960113,Michal,Stachura,Mezczyzna
98072366632,Mikolaj,Kowalski,Mezczyzna
01292434704,Adam,Jacyno,Mezczyzna
83120841212,Marcel,Kuprianowicz,Mezczyzna
95060291707,Alicja,Nowak,Kobieta
96082680555,Marcel,Kuprianowicz,Mezczyzna
71090354634,Adam,Stachura,Mezczyzna
65050432935,Krzysztof,Nowak,Mezczyzna
79112364674,Michal,Jacyno,Mezczyzna
55100727807,Michal,Kuprianowicz,Mezczyzna
62102396362,Alicja,Jacyno,Kobieta
68081365711,Alicja,Kowalski,Kobieta
02310586467,Adam,Kowalski,Mezczyzna
83062436338,Mikolaj,Kowalski,Mezczyzna
90101798144,Alicja,Jacyno,Kobieta
95100558328,Michal,Nowak,Mezczyzna
55010941267,Mikolaj,Nowak,Mezczyzna
03241462916,Michal,Stachura,Mezczyzna
71123053253,Michal,Jacyno,Mezczyzna
71042049713,Adam,Stachura,Mezczyzna
55082923213,Adam,Kuprianowicz,Mezczyzna
83041459077,Mikolaj,Kuprianowicz,Mezczyzna
81102841672,Michal,Nowak,Mezczyzna
74052422055,Michal,Nazar,Mezczyzna
69110533084,Mikolaj,Kuprianowicz,Mezczyzna
70111339128,Krzysztof,Kuprianowicz,Mezczyzna
83081151140,Alicja,Stachura,Kobieta
91050533451,Alicja,Nazar,Kobieta
99090245479,Alicja,Nazar,Kobieta
55040249856,Marcel,Jacyno,Mezczyzna
96081984094,Alicja,Kowalski,Kobieta
90050572820,Mikolaj,Kowalski,Mezczyzna
65022586714,Alicja,Nazar,Kobieta
08321513717,Krzysztof,Stachura,Mezczyzna
02222410711,Alicja,Kuprianowicz,Kobieta
10280889064,Krzysztof,Kuprianowicz,Mezczyzna
53093091604,Mikolaj,Kowalski,Mezczyzna
96072534846,Michal,Nowak,Mezczyzna
65051098725,Marcel,Kuprianowicz,Mezczyzna
90072936417,Adam,Stachura,Mezczyzna
81051297032,Alicja,Kuprianowicz,Kobieta
61042718089,Krzysztof,Jacyno,Mezczyzna
64052145429,Alicja,Nowak,Kobieta
04250652091,Marcel,Kowalski,Mezczyzna
66121793719,Adam,Kowalski,Mezczyzna
85100450799,Adam,Nazar,Mezczyzna
10320895435,Alicja,Nazar,Kobieta
55020619105,Alicja,Jacyno,Kobieta
03261734189,Marcel,Kowalski,Mezczyzna
84121881548,Krzysztof,Kuprianowicz,Mezczyzna
53091628598,Alicja,Nazar,Kobieta
67040260474,Krzysztof,Nazar,Mezczyzna
98101886159,Alicja,Jacyno,Kobieta
75041639452,Adam,Nowak,Mezczyzna
63092953348,Krzysztof,Kowalski,Mezczyzna
10232721750,Marcel,Nowak,Mezczyzna
05302726065,Alicja,Nazar,Kobieta
04301693282,Mikolaj,Stachura,Mezczyzna
73041149340,Alicja,Nowak,Kobieta
75111287532,Adam,Jacyno,Mezczyzna
67070246965,Marcel,Jacyno,Mezczyzna
67052245830,Krzysztof,Stachura,Mezczyzna
90121796526,Marcel,Jacyno,Mezczyzna
89022496136,Michal,Nowak,Mezczyzna
04220373315,Mikolaj,Jacyno,Mezczyzna
50050195771,Adam,Nowak,Mezczyzna
66112336882,Mikolaj,Stachura,Mezczyzna
07240432664,Michal,Nowak,Mezczyzna
80062189310,Adam,Kowalski,Mezczyzna
07291753079,Mikolaj,Kowalski,Mezczyzna
85083020237,Mikolaj,Jacyno,Mezczyzna
99022883946,Adam,Stachura,Mezczyzna
58060522734,Adam,Jacyno,Mezczyzna
65030412913,Alicja,Nowak,Kobieta
58092757689,Adam,Jacyno,Mezczyzna
84063054569,Adam,Kuprianowicz,Mezczyzna
95082080556,Krzysztof,Jacyno,Mezczyzna
63092562830,Adam,Kowalski,Mezczyzna
67092865542,Mikolaj,Kuprianowicz,Mezczyzna
86020958095,Marcel,Nowak,Mezczyzna
87050273967,Mikolaj,Kuprianowicz,Mezczyzna
86070687264,Mikolaj,Jacyno,Mezczyzna
54010728311,Marcel,Nazar,Mezczyzna
89030565556,Mikolaj,Stachura,Mezczyzna
62072331578,Marcel,Kowalski,Mezczyzna
08290116557,Marcel,Kowalski,Mezczyzna
93032368437,Mikolaj,Nowak,Mezczyzna
89090791445,Adam,Stachura,Mezczyzna
64121450290,Michal,Stachura,Mezczyzna
62060890939,Alicja,Kuprianowicz,Kobieta
07270263595,Michal,Nowak,Mezczyzna
70122476629,Krzysztof,Jacyno,Mezczyzna
06282525796,Marcel,Kuprianowicz,Mezczyzna
56060889675,Mikolaj,Nazar,Mezczyzna
81082113756,Michal,Nowak,Mezczyzna
50102475239,Marcel,Jacyno,Mezczyzna
67110787472,Alicja,Stachura,Kobieta
91091683913,Adam,Nowak,Mezczyzna
77030589348,Adam,Stachura,Mezczyzna
53022239510,Adam,Stachura,Mezczyzna
50110177868,Michal,Nowak,Mezczyzna
71110125064,Alicja,Nowak,Kobieta
68062256832,Krzysztof,Nowak,Mezczyzna
10310889855,Krzysztof,Nowak,Mezczyzna
63121133305,Michal,Kuprianowicz,Mezczyzna
84082110693,Alicja,Nowak,Kobieta
54062819821,Alicja,Jacyno,Kobieta
86022852823,Marcel,Nowak,Mezczyzna
80030482443,Alicja,Nowak,Kobieta
72070188119,Marcel,Stachura,Mezczyzna
08212934304,Michal,Nazar,Mezczyzna
04302867266,Adam,Nowak,Mezczyzna
92091530007,Mikolaj,Jacyno,Mezczyzna
61102470155,Adam,Jacyno,Mezczyzna
01321719497,Marcel,Nowak,Mezczyzna
08311056297,Marcel,Stachura,Mezczyzna
57021973545,Marcel,Nowak,Mezczyzna
96051129085,Krzysztof,Kuprianowicz,Mezczyzna
06230690338,Krzysztof,Nazar,Mezczyzna
87122381451,Marcel,Kuprianowicz,Mezczyzna
77022254975,Krzysztof,Nowak,Mezczyzna
75061229989,Michal,Stachura,Mezczyzna
03320521806,Mikolaj,Nowak,Mezczyzna
89121362208,Krzysztof,Kuprianowicz,Mezczyzna
84052819148,Mikolaj,Nazar,Mezczyzna
97012524530,Michal,Kowalski,Mezczyzna
66101516217,Marcel,Kowalski,Mezczyzna
63062860812,Adam,Nazar,Mezczyzna
87031126521,Marcel,Jacyno,Mezczyzna
90052975645,Marcel,Kowalski,Mezczyzna
55092796078,Adam,Jacyno,Mezczyzna
74110658505,Michal,Kowalski,Mezczyzna
85091910346,Adam,Kuprianowicz,Mezczyzna
02211418160,Krzysztof,Kowalski,Mezczyzna
51111037575,Mikolaj,Stachura,Mezczyzna
66122073683,Adam,Nazar,Mezczyzna
52012314464,Michal,Nazar,Mezczyzna
76111520214,Marcel,Jacyno,Mezczyzna
55082440495,Mikolaj,Kowalski,Mezczyzna
93030315479,Alicja,Stachura,Kobieta
01300977083,Alicja,Kowalski,Kobieta
03302455563,Krzysztof,Nazar,Mezczyzna
10281847830,Adam,Stachura,Mezczyzna
85030884103,Adam,Jacyno,Mezczyzna
06292025310,Michal,Nowak,Mezczyzna
67100325220,Marcel,Jacyno,Mezczyzna
65112828438,Alicja,Kuprianowicz,Kobieta
73063081125,Marcel,Stachura,Mezczyzna
02280353540,Mikolaj,Stachura,Mezczyzna
53010894103,Adam,Nazar,Mezczyzna
94111241313,Adam,Kuprianowicz,Mezczyzna
07291384736,Adam,Jacyno,Mezczyzna
72041585080,Michal,Nowak,Mezczyzna
54031860764,Marcel,Stachura,Mezczyzna
07251857854,Mikolaj,Stachura,Mezczyzna
75011641485,Mikolaj,Jacyno,Mezczyzna
09300147138,Krzysztof,Kuprianowicz,Mezczyzna
68102467653,Krzysztof,Nowak,Mezczyzna
92021191087,Marcel,Nowak,Mezczyzna
95091629353,Michal,Nowak,Mezczyzna
58070839507,Adam,Jacyno,Mezczyzna
81081947763,Krzysztof,Nazar,Mezczyzna
59061160541,Adam,Nowak,Mezczyzna
66011918741,Alicja,Kowalski,Kobieta
03311238315,Adam,Kuprianowicz,Mezczyzna
56072799519,Adam,Nazar,Mezczyzna
96032055721,Adam,Stachura,Mezczyzna
72011786594,Michal,Stachura,Mezczyzna
62120518627,Adam,Nowak,Mezczyzna
09231234213,Mikolaj,Stachura,Mezczyzna
98112035614,Alicja,Kowalski,Kobieta
04240847379,Alicja,Jacyno,Kobieta
86021923069,Krzysztof,Kowalski,Mezczyzna
71110738451,Michal,Nazar,Mezczyzna
66060132765,Krzysztof,Kowalski,Mezczyzna
07302589363,Marcel,Jacyno,Mezczyzna
56091423149,Adam,Kuprianowicz,Mezczyzna
64111828210,Adam,Kuprianowicz,Mezczyzna
64091973946,Alicja,Nazar,Kobieta
79080848185,Michal,Stachura,Mezczyzna
86071580504,Krzysztof,Stachura,Mezczyzna
65030184007,Mikolaj,Kowalski,Mezczyzna
78102480538,Krzysztof,Jacyno,Mezczyzna
01302015477,Krzysztof,Nazar,Mezczyzna
97080187730,Mikolaj,Jacyno,Mezczyzna
94073018240,Mikolaj,Kuprianowicz,Mezczyzna
98103125388,Mikolaj,Stachura,Mezczyzna
72022980974,Krzysztof,Kuprianowicz,Mezczyzna
80031681629,Mikolaj,Stachura,Mezczyzna
56102592484,Krzysztof,Nazar,Mezczyzna
53050247929,Michal,Stachura,Mezczyzna
55010220988,Michal,Jacyno,Mezczyzna
90102313696,Marcel,Kowalski,Mezczyzna
07302470838,Adam,Stachura,Mezczyzna
50052914138,Marcel,Nowak,Mezczyzna
81021078696,Michal,Nazar,Mezczyzna
66042394635,Krzysztof,Nowak,Mezczyzna
82102565531,Alicja,Kuprianowicz,Kobieta
95102610446,Alicja,Kuprianowicz,Kobieta
66121043067,Adam,Nazar,Mezczyzna
72022426182,Marcel,Kuprianowicz,Mezczyzna
52011348239,Marcel,Jacyno,Mezczyzna
82030525319,Michal,Jacyno,Mezczyzna
51051854735,Michal,Nowak,Mezczyzna
83110729537,Mikolaj,Jacyno,Mezczyzna
74082738829,Adam,Nazar,Mezczyzna
69123086870,Adam,Stachura,Mezczyzna
99041316533,Marcel,Kowalski,Mezczyzna
89101487327,Alicja,Nowak,Kobieta
68010665051,Michal,Kowalski,Mezczyzna
64042128036,Marcel,Stachura,Mezczyzna
10233065138,Adam,Kowalski,Mezczyzna
10241251213,Krzysztof,Kowalski,Mezczyzna
05293051638,Krzysztof,Stachura,Mezczyzna
91081282616,Adam,Nazar,Mezczyzna
75021367067,Adam,Nazar,Mezczyzna
02301424536,Krzysztof,Jacyno,Mezczyzna
59050256428,Adam,Kuprianowicz,Mezczyzna
75122916119,Alicja,Kowalski,Kobieta
95080374109,Marcel,Kuprianowicz,Mezczyzna
76092735586,Mikolaj,Nowak,Mezczyzna
96010952011,Mikolaj,Kuprianowicz,Mezczyzna
98102697554,Michal,Nazar,Mezczyzna
53121716190,Adam,Nowak,Mezczyzna
62113021785,Marcel,Stachura,Mezczyzna
